{
  "accuracy": 0.9899409577957577,
  "precision": 0.9927567106945037,
  "recall": 0.9877066553624417,
  "f1": 0.9902252443688908,
  "train_size": 36580,
  "test_size": 9146
}